Codigo_producto,Nombre_Producto,Descripcion_producto,Empaque,Volumen_Botella(ml),Cant_pago_botella_ordenada,Numero_proveedor
1062400,Spiced Rum,Admiral Nelson Spiced Rum Traveler,12,750,5.78,259
1081330,PEACH SCHNAPPS,Dekuyper Peachtree,12,1000,7.62,65
1012100,CANADIAN WHISKIES,Crown Royal Canadian Whisky Mini,10,300,7.35,260
1062310,SPICED RUM,Captain Morgan Tattoo,12,750,8.75,260
1081380,MISCELLANEOUS SCHNAPPS,Ice Hole Salty Caramel Schnapps,12,750,5.15,380
1032200,IMPORTED VODKA - MISC,Pearl Cucumber Vodka,12,750,7.86,434
1051010,AMERICAN GRAPE BRANDIES,E & J Vsop Superior Reserve,12,750,7,205
1031080,VODKA 80 PROOF,Seagrams Vodka,12,750,5.38,255
1081390,IMPORTED SCHNAPPS,Dr. Mcgillicuddy's Mentholmint,12,1000,11,421
1012300,IRISH WHISKIES,Jameson,12,750,14.99,370
1062300,FLAVORED RUM,Malibu Coconut Rum,12,1000,10.49,370
1081030,COFFEE LIQUEURS,Kahlua Coffee Liqueur,12,1000,15.24,370
1031200,VODKA FLAVORED,Uv Blue (raspberry) Vodka,6,1750,10.49,380
1081010,AMERICAN AMARETTO,Paramount Amaretto,12,1000,4.05,434
1062200,PUERTO RICO & VIRGIN ISLANDS RUM,Hawkeye Light Rum,12,1000,4.34,434
1011300,TENNESSEE WHISKIES,Jack Daniel's Tennessee Honey,12,750,14.53,85
1082900,MISC. IMPORTED CORDIALS & LIQUEURS,Jagermeister Liqueur,6,1750,26.05,192
1041100,AMERICAN DRY GINS,Gilbey's Gin London Dry,12,750,4.72,65
1081370,WATERMELON SCHNAPPS,Dekuyper Watermelon Pucker,12,1000,7.62,65
1011200,STRAIGHT BOURBON WHISKIES,Ten High,12,1000,4.94,55
1081600,WHISKEY LIQUEUR,Fireball Cinnamon Whiskey,12,1000,11.34,421
1042100,IMPORTED DRY GINS,Tanqueray Gin,12,750,12.25,260
1081700,DISTILLED SPIRITS SPECIALTY,Midnight Moon Strawberry,6,750,11,384
1012200,SCOTCH WHISKIES,Dewars White Label Scotch,12,1000,16.87,35
1011100,BLENDED WHISKIES,Calvert Extra Bl Whiskey,12,1000,6.88,434
1081900,MISC. AMERICAN CORDIALS & LIQUEURS,Kinky Liqueur,12,750,10,322
1081200,CREAM LIQUEURS,Tippy Cow Vanilla Soft Serve,6,750,10,305
1081305,APPLE SCHNAPPS,Dekuyper Sour Apple,12,1000,7.62,65
1022100,TEQUILA,Jose Cuervo Especial Reposado Tequila,12,1000,12.5,395
1081300,PEPPERMINT SCHNAPPS,Arrow Peppermint Schnapps,24,375,2.26,434
1071100,AMERICAN COCKTAILS,Jose Cuervo Authentic Teagarita Margarita 4pk Cans,6,800,3.88,395
1052010,IMPORTED GRAPE BRANDIES,Remy Martin V,6,750,20.34,389
1011500,STRAIGHT RYE WHISKIES,Templeton Rye,6,750,18.09,255
1701100,DECANTERS & SPECIALTY PACKAGES,Jack Daniel's Black Tin,12,750,14.53,85
1081317,GRAPE SCHNAPPS,Dekuyper Grape Pucker,12,1000,7.62,65
1081312,BUTTERSCOTCH SCHNAPPS,Ice Hole Butterscotch Schnapps,12,750,5.15,380
1062050,BARBADOS RUM,Steel Drum Pure Cane Reserve,6,750,12.17,154
1032080,IMPORTED VODKA,Three Olives Vodka,12,750,11.17,395
1081015,IMPORTED AMARETTO,Disaronno Amaretto,12,750,13.86,130
1081335,RASPBERRY SCHNAPPS,Arrow Raspberry Schnapps,12,1000,5,434
1082000,Imported Cordials & Liqueurs,Disaronno Amaretto,12,750,13.86,130
1031100,100 PROOF VODKA,Smirnoff Vodka 100 Prf,12,750,8.75,260
1022200,100% Agave Tequila,Herradura Gold Reposado 6pak,6,750,23.58,85
1081500,ROCK & RYE,Mr. Boston Rock & Rye,12,750,4.93,55
1041200,AMERICAN SLOE GINS,Paramount Sloe Gin,12,1000,5.17,434
1101100,AMERICAN ALCOHOL,Everclear Alcohol,12,750,9,434
1051110,BLACKBERRY BRANDIES,Paramount Blackberry Brandy,12,1000,6.52,434
1081400,TRIPLE SEC,Dekuyper Triple Sec,12,1000,2.22,65
1051100,APRICOT BRANDIES,Paramount Apricot Flavored Brandy,6,1750,11.29,434
1011250,SINGLE BARREL BOURBON WHISKIES,Four Roses Single Barrel,6,750,20.17,184
1081340,ROOT BEER SCHNAPPS,Dekuyper Rootbeer,12,1000,7.62,65
1081250,WHITE CREME DE MENTHE,Paramount Creme De Menthe/white,12,750,4.65,434
1081315,CINNAMON SCHNAPPS,Dekuyper Hot Damn!,12,1000,7.62,65
1081355,STRAWBERRY SCHNAPPS,Dekuyper Strawberry Pucker,12,750,6.3,65
1051140,PEACH BRANDIES,Paul Masson Peach Grande Amber Brandy,24,375,3.22,115
1081365,TROPICAL FRUIT SCHNAPPS,Dekuyper Island Punch Pucker,12,1000,7.62,65
1081240,GREEN CREME DE MENTHE,Arrow Creme De Menthe Green,12,750,4.5,434
1031090,OTHER PROOF VODKA,Smirnoff Silver Vodka 90 Prf,12,750,7.86,260
1041150,FLAVORED GINS,Seagrams Lime Twisted Gin,12,750,5.9,370
1012210,SINGLE MALT SCOTCH,Lagavulin 16yr Single Malt Scotch,12,750,48.5,260
1081220,DARK CREME DE CACAO,Paramount Creme De Cacao/dark,12,750,4.75,434
1081350,SPEARMINT SCHNAPPS,Arrow Spearmint Schnapps,12,1000,4.75,434
1011400,BOTTLED IN BOND BOURBON,Evan Williams Bottled in Bond,12,750,8.47,259
1081230,WHITE CREME DE CACAO,Paramount Creme De Cacao/white,12,750,4.75,434
1081210,CREME DE ALMOND,Paramount Creme De Almond,12,750,4.65,350
1062100,JAMAICA RUM,Appleton Signature Blend,12,750,10.5,461
1051150,MISCELLANEOUS  BRANDIES,E & J Apple,12,750,6,205
1031000,American Vodka,Hawkeye Vodka,12,1000,4.05,434
1052100,Imported Brandies,Hennessy VS,12,375,9.99,420
1051120,CHERRY BRANDIES,Paramount Cherry Brandy,24,375,3.54,434
1032100,Imported Vodkas,Pinnacle Vodka,12,750,7.35,65
1082200,Imported Schnapps,Rumple Minze Peppermint Mini,12,500,13.5,260
1031110,LOW PROOF VODKA,Skinnygirl Bare Naked,12,750,12.07,65
1062500,Flavored Rum,Malibu Coconut Rum,12,750,7.49,370
1081100,Coffee Liqueurs,Patron Xo Cafe,6,750,14,410
1081000,American Cordials & Liqueurs,Kinky Red Liqueur Mini,6,500,4.84,322
1022300,Mezcal,Monte Alban Mezcal,12,750,13.26,55
1070000,Cocktails / RTD,Jose Cuervo Authentic Lime Margarita,6,1750,8.2,395
1091200,Neutral Grain Spirits,Everclear Alcohol,12,750,9,434
1081020,ANISETTE,Paramount Anisette,12,750,4.58,434
1032000,Imported Vodka,Absolut Swedish Vodka 80 Prf,12,1000,14.99,370
1012400,Irish Whiskies,Jameson,12,750,15.99,370
1082010,AMARETTO - IMPORTED,Chartreuse Green French Liqueur,12,750,31.13,497
1501100,HIGH PROOF BEER - AMERICAN,Sam Adams Utopias HA,1,750,95.17,80
1901100,Delisted Items,Johnnie Walker Green,6,750,32.49,260
1082015,IMPORTED AMARETTO,Disaronno Amaretto,6,1750,18.99,130
1011600,Straight Rye Whiskies,Templeton 4YR Rye,6,750,18.09,255
1062250,,Whaler's Original Dark Rum,12,750,7.42,259
1082100,Imported Cordials & Liqueur,Yeni Raki,12,750,11.49,260
1041300,American Sloe Gins,Paramount Sloe Gin,12,1000,5.42,434
1091300,Neutral Grain Spirits Flavored,Firefly Apple Pie Moonshine,12,750,9.88,421
1091000,American Distilled Spirits Specialty,Evan Williams Honey,12,750,7.94,259
1032230,IMPORTED VODKA - CHERRY,Sobieski Orange,12,1000,7.05,267
1091100,American Distilled Spirit Specialty,Westland American Single Malt,6,750,44,391
1082300,SCHNAPPS - IMPORTED,Kraken Black Spiced Rum,60,50,72,395
1091400,Iowa Distilleries,Templeton 6YR Rye,6,750,22.75,255
1901200,Special Order Items,Don Q Gold Rum,12,1000,8.92,451
1011800,Iowa Distillery Whiskies,Templeton 6YR Rye,6,750,22.75,255
1082390,SCHNAPPS - IMPORTED,Rumple Minze Peppermnt Schnapps,24,200,3.44,260
1011700,Corn Whiskies,Stillhouse Peach Tea Whiskey,12,750,11.5,368
