Numero_proveedor,Nombre_proveedor
259,Heaven Hill Brands
65,Jim Beam Brands
260,Diageo Americas
380,Phillips Beverage Company
434,Luxco-St Louis
205,E AND J GALLO WINERY
255,Wilson Daniels Ltd.
421,"Sazerac Co., Inc."
370,Pernod Ricard USA/Austin Nichols
115,"Constellation Wine Company, Inc."
55,Sazerac North America
85,Brown-Forman Corporation
192,Sidney Frank Importing Co.
384,Piedmont Distillers
35,"Bacardi U.S.A., Inc."
300,Mccormick Distilling Company
322,Prestige Wine and Spirits Group
305,MHW Ltd
395,Proximo
389,REMY COINTREAU USA         .
301,Fifth Generation Inc.
971,"Hood River Distillers, Inc."
410,The Patron Spirits Company
803,LEVECKE CORP
154,Iowa Distilling Company
461,Campari(skyy)
297,Laird And Company
420,"Moet Hennessy USA, Inc."
277,Stoli Group
130,Disaronno International LLC
451,Serralles USA
100,Aiko Importers Inc
492,Western Spirits Beverage Co. LLC
125,"Cedar Ridge Vineyards,LLC"
330,Gemini Spirits
469,"TY KU, LLC"
357,"Palm Bay Imports, Inc."
240,"WILLIAM GRANT AND SONS, INC."
285,"Charles Jacquin Et. Cie., Inc."
184,Four Roses Distillery
284,Charles Jacquin/Independent Spirits
308,"Mango Bottling, Inc."
483,The Wine Group
229,Dehner Distillery
306,Mississippi River Distilling Co.
978,"W. J. Deutsch And Sons, Ltd."
359,Park Street Imports-Duke Spirits
194,Fire Tail Brands Llc
207,Paradise Distilling Company
206,Panther Distillery
110,3 Badge Mixology
239,"Russian Standard Vodka, USA"
390,Quadro Group LLC
91,Castle Brands
190,Firestarter Spirits Inc.
373,Prairie Creek Beverages LLC
399,Rogue Ales and Spirits
104,"ASDSpirits, LLC"
111,Better Brands Bev Co
338,Niche Import Co.
293,"Jinro America, Inc"
350,Luxco-Cleveland
294,Jesse James Distilling Company
478,Trinchero Family Estates
368,Park Street Imports
969,Aveniu Brands
962,Duggan's Distillers Products Corp
375,Park Street Imports-Berentzen
250,Homestead American Whiskey
10,"A Hardy / U.S.A., Ltd."
413,Santa Fe Tequila Company
312,"Klin Spirits, LLC"
107,Blaum Bros. Distilling Co.
267,"Imperial Brands, Inc."
452,"Speakeasy Spirits, LLC"
198,Frank-lin Distillers Products Ltd.
86,Broadbent Distillery
288,Kindred Spirits Of North America
977,"Werner Distilling, LLC"
460,Shaw Ross International Importers LL
394,Black Rock Spirits
160,Drinks Americas
121,Cooperspiritsinternational
497,"WILDMAN AND SONS, F."
203,Honey Creek Distillery
246,Louisville Distilling Co
195,Swell Liquor LLC
495,"M.S. Walker, Inc."
143,Dakota Spirits Distillery
298,"White Rock Distilleries, Inc."
295,Kobrand Corporation
346,"Ole Smoky Distillery, LLC"
209,Minhas Micro Distillery
122,Cooper's Chase Distillery
270,"International Beverage Co., Inc."
226,"maDIKwe USA, Inc."
391,Anchor Distilling (PREISS IMPORTS)
381,Windy Hill Spirits
112,American Vintage Beverage
365,Park Street Imports-Voli
487,Wine Intelligence
287,"Chatham Imports,inc"
501,"Winebow, Inc."
363,"Paterno Imports, Ltd."
263,"High West Distillery, LLC"
137,Itsko Imports Inc
496,Willett Distillery
369,Park Street Imports- Caballeros
503,"Whyte and Machay(Americas) Limited,L"
208,Prost Beverage Company
459,Surville Enterprises Corp
482,Sovereign Brands
80,Boston Beer Company
465,Stanley Stawski Distributing Co.
448,"St. George Spirit, Inc"
885,"Yahara Bay Distillers, Inc"
313,Vision Wine and Spirits
109,Casa 1921 LLC
516,Hexa Partners LP
268,Impex Beverages Inc
204,Hillrock Estate Distillery LLC
108,CVI Brands
446,Stephen Augustus Imports
315,Patriarch Distillers
79,Breckenridge Distillery
116,Bad Bear Enterprises
374,Park Street Imports-Few Spirits
266,Edrington Group USA LLC
418,Gunsandmore.info
402,Oz Spirits LLC
185,"Evaton, Inc."
251,H A P LLC
278,Intersect Beverage LLC
211,Lapham Import Co
361,Park Street Imports-Sweet Revenge
224,Ste. Michelle Wine Estates
187,Koval Distillery
463,The Country Vintner
33,Bmc Imports
377,Park Street Imports-Veev
379,Square One Organic Spirits
456,"Spirit Imports, Inc."
119,Breuckelen Distilling
136,High West Distillery
197,National Brokers
376,Sage Beverages
477,Total Beverage Solutions
223,Spirit of Hartford
447,Stern Beverage
227,Royal World Spirits
367,Park Street Imports-House Spirits
215,"3-Oaks Distillery, LLC"
163,Marsalle Company
90,"Carriage House Imports, Ltd."
462,Tanteo Tequila
987,"Stellar Importing Company, LLC"
252,Leatherbee Distillers
269,VBJ Beverages LLC
311,Modern Spirits
158,Dry Fly Distilling
386,"Phenix Brands, LLC"
310,Marsalle Company/Stoller Warehouse
101,Artisan Grain Distillery
414,San Bartolo Farms Inc.
150,"Dreyfus, Ashby Co."
128,Clear Creek Distillery
146,Lloyd Caruso LLC
432,Seashore Marketing Group
61,"Biagio Cru And Estate Wines, LLC"
353,"John Ernest Distillery, Inc."
166,Swiss Cellars
513,"Caribbean Distillers, LLC"
