Numero_tienda,Nombre_tienda,Numero_ubicacion
5443,1st Stop Beverage Shop,1
4986,218 Fuel Express & Chubby's Liquor,2
4845,3rd St Convenience,3
3881,7 Rayos Liquor Store,4
5262,7-Eleven # 34464Z,5
4509,A J'S LIQUOR II,6
5140,A to Z Liquor,7
3529,A To Z Liquor and Smoke Shop,8
3534,A. V. Liquor,9
4924,Abby Lea's,10
4809,Abby Lea's,11
3591,Ackley Super Foods,12
2238,Adventureland Inn,13
4680,Afal Food & Liquor ,14
3876,Affiliated Foods Of Manson,15
4114,After 5 Somewhere,16
4251,Aj's Liquor ,17
4960,AJ's Liquor III,18
5139,Ali's Corner #2,19
4935,Ali's Liquor,20
4333,Ali's Liquor,20
4075,Ali's West Side Liquor,21
4987,Almost Always Open,22
5326,Al's Liquors Unlimited,23
2290,Al's Liquors Unlimited,24
3521,Ameristar Casino ,25
5161,Ameristar Casino Council Bluffs Gift,26
2487,Anamosa Family Foods,27
3725,Armstrong Liquor Store,28
4612,ATC Liquor,29
4442,A-TOWN LIQUOR STORE,30
5173,Audubon Food Land,31
3631,Audubon Food Pride,33
5169,AV Superstop,34
3700,Avoca Liquor,35
4647,B and B EAST ,36
4035,B and B West,37
4932,B and B West,37
3612,B and C Liquor ,38
4496,B P ON 1ST,39
5149,B S Mini Mart Inc,40
4977,Bacon Creek Country Store,41
3842,Bancroft Liquor Store,42
4959,Bani's,43
4875,Bani's,44
3677,Barb's Service,45
3995,Barmuda Distribution,46
5106,Barnes Food Land,47
3451,Barnes Foodland,47
4896,Barrys Mini Mart,48
5179,Baxter Family Market,49
5066,Bears Burgers & Buns,50
2413,Beecher Beverage,51
5427,Belle Plaine Country Food,51
4059,Belle Plaine Country Food,52
3782,Bender Foods ,53
3488,Bender's Foods,54
3773,Benz Distributing,55
5263,Best Food Mart ,56
4343,Best Food Mart ,57
5098,Best Food Mart 3  LLC,58
4109,Best Trip,59
4850,Big 10 Mart,60
5529,Big 10 Mart,61
4895,Big Discount Liquor,62
3417,Big G Food Store,63
5012,Bluejay Market,64
5411,Bluejay Market,65
3869,Bootleggin' Barzini's Fin,66
2448,Bottle Boutique,67
4130,"Boyd Grocery, Inc.",68
3760,Brady Mart ,69
4652,Brady Mart Food & Liquor,70
3728,Brewski's Beverage,71
3045,Britt Food Center,72
9010,Broadbent Distillery,73
4257,Broadway Liquor,74
4902,Broadway Liquor,74
4007,Brockmans,75
5284,Brooklyn Grocery,76
5206,Brothers Market ,77
5007,Brothers Market ,78
4856,Brothers Market ,79
4110,"Brothers Market, Inc.",80
4171,"Brothers Market, Inc. ",81
3885,Buchanan County Liquor Store,82
4143,Bucky's,83
4476,Bucky's Express #16 ,84
4477,Bucky's Express #17 ,85
5164,Bucky's Express #22 ,86
4475,Bucky's Express #27 ,87
4474,Bucky's Express #34 ,88
3911,"Burg Spirits, Llc.",89
4898,Burlington Shell,90
4030,Buy Rite Foods,91
4946,Byron Supermarket,92
4814,"Byron Supermarket, Inc.",93
3735,C B Liquor,94
4849,C Fresh Market,95
4132,Camanche Food Pride,96
4940,Cambridge Country Store,97
4094,Campustown Liquor,98
4570,Cargo Express,99
4569,Car-Go-Express ,100
5095,Carterlake Mini Mart,101
5275,Casey's General Store # 3502,102
5273,Casey's General Store # 3502,102
5276,Casey's General Store # 3502,104
5352,Casey's General Store # 3565,105
4521,Casey's General Store #1002 ,106
4510,Casey's General Store #1007 ,107
5156,Casey's General Store #1020  ,108
4607,Casey's General Store #1024 ,109
4541,Casey's General Store #1045 ,110
4911,Casey's General Store #1061 ,111
5059,Casey's General Store #1125 ,112
4524,Casey's General Store #1139 ,113
4513,Casey's General Store #1144 ,114
4528,Casey's General Store #1303 ,115
4499,Casey's General Store #1316 ,116
4811,Casey's General Store #1327 ,117
4573,Casey's General Store #1330 ,118
4777,Casey's General Store #1365 ,119
4627,Casey's General Store #1388 ,120
5170,Casey's General Store #1414  ,121
4623,Casey's General Store #1493 ,122
5217,Casey's General Store #1548 ,123
5191,Casey's General Store #1548 ,124
4725,Casey's General Store #1548 ,125
4880,Casey's General Store #1567 ,127
4516,Casey's General Store #1569 ,128
4515,Casey's General Store #1588 ,129
4653,Casey's General Store #1617 ,130
4929,Casey's General Store #1680 ,131
4783,Casey's General Store #1684 ,132
5069,Casey's General Store #1705 ,133
4786,Casey's General Store #1706 ,134
4537,Casey's General Store #1834 ,135
4553,Casey's General Store #1892 ,136
4544,Casey's General Store #1898 ,137
4533,Casey's General Store #1985 ,138
4497,Casey's General Store #20 ,139
5078,Casey's General Store #2096 ,140
5099,Casey's General Store #2164 ,141
4655,Casey's General Store #2237 ,142
4923,Casey's General Store #2270 ,143
4532,Casey's General Store #2274 ,144
4738,Casey's General Store #2284 ,145
4621,Casey's General Store #23 ,146
4651,Casey's General Store #2300 ,147
4656,Casey's General Store #2301 ,149
4546,Casey's General Store #2303 ,150
4575,Casey's General Store #2304 ,151
5062,Casey's General Store #2318 ,152
4571,Casey's General Store #2357 ,153
5082,Casey's General Store #2365 ,154
4664,Casey's General Store #24 ,155
4536,Casey's General Store #2420 ,156
4535,Casey's General Store #2421 ,157
4525,Casey's General Store #2425 ,158
4915,Casey's General Store #2429 ,159
4838,Casey's General Store #2448 ,160
5079,Casey's General Store #2489 ,161
4832,Casey's General Store #2491 ,162
4552,Casey's General Store #2493 ,163
4779,Casey's General Store #25 ,164
4985,Casey's General Store #2519 ,165
4753,Casey's General Store #2521 ,166
4522,Casey's General Store #2523 ,167
4657,Casey's General Store #2526 ,168
4782,Casey's General Store #2529 ,169
4912,Casey's General Store #2531 ,170
4577,Casey's General Store #2551 ,171
4556,Casey's General Store #2552 ,172
4873,Casey's General Store #2559 ,173
4585,Casey's General Store #2561 ,174
4523,Casey's General Store #2563 ,175
4530,Casey's General Store #2566 ,176
4578,Casey's General Store #2592 ,177
4548,Casey's General Store #2594 ,178
5114,Casey's General Store #2612 ,179
4555,Casey's General Store #2614 ,180
4531,Casey's General Store #2626 ,181
4872,Casey's General Store #2644 ,182
4506,Casey's General Store #2667 ,183
4999,Casey's General Store #2680 ,184
4846,Casey's General Store #2697 ,185
4488,Casey's General Store #2762 ,186
4489,Casey's General Store #2763 ,187
4490,Casey's General Store #2766 ,188
4517,Casey's General Store #2767 ,189
4491,Casey's General Store #2772 ,190
4492,Casey's General Store #2773 ,191
5064,Casey's General Store #2777 ,192
5094,Casey's General Store #2778 ,193
4487,Casey's General Store #2787 ,194
4500,Casey's General Store #2788 ,195
4659,Casey's General Store #2802 ,196
4934,Casey's General Store #2811 ,197
4514,Casey's General Store #2813 ,198
5150,Casey's General Store #2816 ,199
4505,Casey's General Store #2816 ,200
4518,Casey's General Store #2824 ,201
4785,Casey's General Store #2835 ,202
4520,Casey's General Store #2842 ,203
4551,Casey's General Store #2845 ,204
4493,Casey's General Store #2850 ,205
4508,Casey's General Store #2877 ,206
4665,Casey's General Store #2896 ,207
4792,Casey's General Store #2899 ,208
4507,Casey's General Store #2902 ,209
4549,Casey's General Store #2913 ,210
4560,Casey's General Store #2914 ,211
4540,Casey's General Store #2915 ,212
4519,Casey's General Store #2923 ,213
4543,Casey's General Store #2924 ,214
4562,Casey's General Store #2989 ,215
4610,Casey's General Store #2992 ,216
4542,Casey's General Store #2994 ,217
4527,Casey's General Store #30 ,218
4882,Casey's General Store #3026 ,219
4658,Casey's General Store #3027 ,221
4854,Casey's General Store #3029 ,222
4778,Casey's General Store #3030 ,223
4463,Casey's General Store #3031 ,224
4774,Casey's General Store #3034 ,225
5081,Casey's General Store #3035 ,226
4968,Casey's General Store #3042 ,227
4780,Casey's General Store #3043 ,228
4590,Casey's General Store #3045 ,229
4608,Casey's General Store #3050 ,230
4591,Casey's General Store #3052 ,231
4495,Casey's General Store #3055 ,232
4767,Casey's General Store #3075 ,233
4663,Casey's General Store #3077 ,234
4781,Casey's General Store #3079 ,235
4770,Casey's General Store #3080 ,236
4893,Casey's General Store #3098 ,237
4855,Casey's General Store #3200 ,238
5044,Casey's General Store #3202 ,239
5195,Casey's General Store #3204 ,240
5177,Casey's General Store #3204 ,241
5035,Casey's General Store #3205 ,242
4890,Casey's General Store #3210 ,243
4825,Casey's General Store #3212 ,244
4822,Casey's General Store #3214 ,245
4821,Casey's General Store #3215 ,246
4817,Casey's General Store #3217 ,247
5052,Casey's General Store #3220 ,248
4823,Casey's General Store #3223 ,249
4824,Casey's General Store #3224 ,250
4826,Casey's General Store #3226 ,251
4828,Casey's General Store #3228 ,252
4816,Casey's General Store #3232 ,253
4954,Casey's General Store #3244 ,254
4930,Casey's General Store #3251 ,255
4529,Casey's General Store #3262 ,256
5041,Casey's General Store #3309 ,257
5000,Casey's General Store #3319 ,258
4989,Casey's General Store #3322 ,259
5061,Casey's General Store #3382 ,260
5039,Casey's General Store #3384 ,261
5109,Casey's General Store #3404 ,262
5141,Casey's General Store #3418 ,263
5229,Casey's General Store #3434  ,264
5181,Casey's General Store #3442 ,265
5120,Casey's General Store #3534,266
5186,Casey's General Store #3534 ,267
5234,Casey's General Store #37 ,268
5479,Casey's General Store #37 ,269
5484,Casey's General Store #37 ,270
4775,Casey's General Store #37 ,271
4503,Casey's General Store #38 ,272
4539,Casey's General Store #40 ,273
5183,Casey's General Store #77  ,274
4473,Casey's General Store #92 ,275
5125,Cash Saver  ,276
5129,Cash Saver  ,277
4808,CB Quick Stop ,278
9001,Cedar Ridge Vineyards,279
3704,Celtics Beverage Company,280
4955,Cenex Ampride,281
4771,Cenex Gas Station,282
4439,CENTER POINT FOODS,283
4829,Central City 2,284
2190,"Central City Liquor, Inc.",285
5083,Central Mart,286
5045,Central Mart ,287
4606,Central Mart ,288
4976,Central Mart ,288
5086,"Central Mart I, LLC.",289
3813,CGI Foods,290
4720,Chariton BP,291
2498,Charley's Quik Shop,292
3820,"Charlie's Wine and Spirits,",293
4602,Cheap Smokes ,294
3761,Cheese's Food Center,295
5469,Chubbys Liquor,296
4099,Chubbys Liquor,297
3542,Chuck's Sportsmans Beverage,298
3906,Cigarette Outlet #17 ,299
4174,Cigarette Outlet #3 ,300
4296,Circle B Market,301
4468,CIRCLE K #6600 ,302
4424,CIRCLE K #6601 ,303
4480,Circle K #6602 ,304
4859,Circle K #6604 ,305
4888,Circle S Bluff Stop,306
5065,Circle S Gordon Drive,307
4994,City Foods,308
4095,City Liquor And Tobacco ,19
3056,Clarion Super Valu Ii,308
3852,Clark Of Cedar Rapids,282
3635,Clark's Food Mart ,309
4668,Clear Lake Payless Foods,310
4864,CLINTON LIQUOR & CONVENIENCE STORE,311
5093,Cody Mart,312
5215,Cody Mart,312
5053,Cork & Bottle ,313
4262,Cork and Bottle ,314
3990,Cork and Bottle ,315
4277,Cork It!,316
3352,Cork 'n' Bottle,317
5054,Cork 'N Bottle ,317
4112,Corridor Ventures,318
5119,Corwith Farm Service,319
4677,Costco Wholesale #1111 ,320
3814,Costco Wholesale #788,321
5056,County Market #214 ,322
3908,County Market #214 ,323
4841,Cozy Mart,324
4833,Crazy Mary's Licker,325
5111,Creekside Market,326
5244,Cresco Liquor Store,327
2353,Cresco Liquor Store,327
5278,Crossroads Wine and Liquor,328
4307,Crossroads Wine and Liquor,329
5080,C's Liquor Store,330
4616,C's Spencer Liquor,330
3480,C's Spencer Liquor,331
5277,Cubby's Red Oak,332
4643,Cubby's Red Oak,333
5076,Cubby's Sioux City,334
5103,Curry's Express Mart,335
2850,CVS Pharmacy #10032 ,336
2851,CVS Pharmacy #10032 ,337
2854,CVS Pharmacy #10114 ,338
2847,CVS Pharmacy #10114 ,339
2848,CVS Pharmacy #10161,340
2849,CVS Pharmacy #10282,341
2852,CVS Pharmacy #10329 ,342
2853,CVS Pharmacy #10480,343
2845,CVS Pharmacy #4816 ,344
2846,CVS Pharmacy #8443 ,345
2843,CVS Pharmacy #8526 ,346
2841,CVS Pharmacy #8532 ,347
2835,CVS Pharmacy #8538 ,348
2837,CVS Pharmacy #8544 ,349
2836,CVS Pharmacy #8546 ,350
2844,CVS Pharmacy #8547 ,351
2840,CVS Pharmacy #8633 ,352
2838,CVS Pharmacy #8658 ,353
2839,CVS Pharmacy #8659 ,354
4129,Cyclone Liquors,355
4534,D & B Foods,356
3909,D And S Grocery,357
2964,Dahl's ,358
2955,Dahl's ,359
2963,Dahl's ,360
2958,Dahl's ,361
2953,Dahl's ,362
2961,Dahl's ,363
2956,Dahl's ,364
2951,Dahl's ,365
2954,Dahl's ,366
2962,Dahl's ,367
2959,Dahl's ,368
2960,Dahl's ,369
4340,Dahl's Foods ,370
4324,Dayton Community Grocery,371
4818,Decorah Mart,372
4170,Dewey's Jack and Jill,373
5298,Dick's Beverage Depot,374
3554,Dick's Beverage Depot,375
2205,Ding's Honk And Holler,376
5210,Discount Liquor,377
3832,Discount Liquor ,378
5254,Discount Liquor ,379
4297,Discount Liquor ,379
3652,Discount Liquors Of Ida Grove,380
4894,Discount Tobacco and More ,381
4871,Don's Food Center,382
5133,Don's Food Center,383
2178,"Double ""D"" Liquor Store",384
5351,Downtown Pantry,385
4997,Downtown Pantry,386
4304,Downtown Pantry ,387
4839,DS Services LLC,388
2152,Dugans Supermarket,389
3962,Durant Street Country Stop,390
4995,Durant Street C-Store,390
4592,Dyno's #29 ,391
4589,Dyno's #53 ,392
4485,DYNO'S 51 ,393
3783,Dyno's Wine and Spirits ,394
3855,Dyno's Wine and Spirits ,395
3774,Eagle Country Market ,396
5166,East Side Liquor and Groceries,397
5250,East Village Pantry,398
4942,East Village Pantry,399
3403,Econ-o-mart ,400
4293,Eddyville Market and Deli L,402
4943,Eldon Kwik Shop,403
5476,"Elliott's General Store,",404
4232,"Elliott's General Store,",405
4769,Elma Locker and Grocery,406
3615,Emmetsburg Food Pride,407
5008,Emmetsburg Food Pride,408
5335,Expo Mart ,409
4164,Expo Mart ,409
5336,EZ Mart ,410
4757,EZ Mart ,411
4630,EZ Stop ,412
3648,Fairbank Food Center,413
4743,Family Pantry,414
3778,Family Pantry,415
4072,Famous Liquors,416
5003,Famous Liquors,416
5333,Fareway Stores #008 ,27
5359,Fareway Stores #008 ,417
4182,Fareway Stores #008 ,418
4258,Fareway Stores #009 ,419
4197,Fareway Stores #014 ,420
4149,Fareway Stores #015 ,421
4200,Fareway Stores #019 ,422
4248,Fareway Stores #021 ,423
4201,Fareway Stores #022 ,424
4204,Fareway Stores #025 ,425
4160,Fareway Stores #034 ,426
4192,Fareway Stores #044 ,427
4249,Fareway Stores #048 ,428
4154,Fareway Stores #055 ,429
4255,FAREWAY STORES #058 ,430
4084,Fareway Stores #061 ,431
4289,Fareway Stores #062 ,432
4153,Fareway Stores #067 ,433
4159,Fareway Stores #073 ,434
4092,Fareway Stores #077 ,435
4103,Fareway Stores #093 ,436
4230,Fareway Stores #106 ,437
4334,Fareway Stores #114 ,438
4678,Fareway Stores #124 ,439
4901,Fareway Stores #137 ,440
4971,Fareway Stores #138 ,441
5050,Fareway Stores #147 ,442
5097,Fareway Stores #151 ,443
5146,Fareway Stores #153  ,444
5135,Fareway Stores #155 ,445
4107,Fareway Stores #384 ,446
4102,Fareway Stores #386 ,447
4235,Fareway Stores #395 ,448
4272,Fareway Stores #407 ,449
4158,Fareway Stores #409 ,450
4156,Fareway Stores #412 ,451
4105,Fareway Stores #426 ,452
4163,Fareway Stores #461 ,453
4228,Fareway Stores #462 ,454
4205,Fareway Stores #467 ,455
4320,Fareway Stores #470 ,456
4148,Fareway Stores #479 ,457
4104,Fareway Stores #491 ,458
4321,Fareway Stores #501 ,459
4310,Fareway Stores #502 ,460
4311,Fareway Stores #508 ,461
4268,Fareway Stores #531 ,462
4236,Fareway Stores #551 ,463
4315,Fareway Stores #554 ,464
4284,Fareway Stores #559 ,465
4146,Fareway Stores #561 ,466
4183,Fareway Stores #589 ,467
4189,Fareway Stores #594 ,468
4291,Fareway Stores #597 ,469
4300,Fareway Stores #625 ,470
4051,Fareway Stores #639 ,471
4069,Fareway Stores #648 ,472
4138,Fareway Stores #657 ,473
4253,Fareway Stores #683 ,474
4260,Fareway Stores #699 ,475
4319,Fareway Stores #703 ,476
4091,Fareway Stores #705 ,478
4231,Fareway Stores #719 ,479
4185,Fareway Stores #737 ,480
4234,Fareway Stores #788 ,481
4229,Fareway Stores #790 ,482
4195,Fareway Stores #792 ,483
4233,Fareway Stores #815 ,484
4271,Fareway Stores #827 ,485
4202,Fareway Stores #829 ,486
4252,Fareway Stores #840 ,487
4318,Fareway Stores #841 ,488
4194,Fareway Stores #848 ,489
4254,Fareway Stores #849 ,490
4239,Fareway Stores #850 ,491
4247,Fareway Stores #879 ,492
4250,Fareway Stores #882 ,494
4190,Fareway Stores #888 ,495
4140,Fareway Stores #900 ,496
4547,Fareway Stores #902 ,497
4083,Fareway Stores #909 ,498
4256,Fareway Stores #912 ,499
4285,Fareway Stores #922 ,500
4135,Fareway Stores #925 ,501
4131,Fareway Stores #933 ,502
4246,Fareway Stores #938 ,503
4313,Fareway Stores #940 ,504
4317,Fareway Stores #941 ,505
4155,Fareway Stores #949 ,506
4161,Fareway Stores #950 ,507
4150,Fareway Stores #951 ,508
4162,Fareway Stores #963 ,509
4147,Fareway Stores #974 ,510
4141,Fareway Stores #975 SE 22nd,511
4275,Fareway Stores #980 ,512
4136,Fareway Stores #983 ,513
4196,Fareway Stores #987 ,514
4137,Fareway Stores #989 ,515
4157,Fareway Stores #993 ,516
4191,Fareway Stores #995 ,517
4184,Fareway Stores #998 ,518
5306,Fast Ave One Stop,519
4984,Fast Ave One Stop,520
4012,Fast Mart,521
4332,Fast Mart ,58
4773,"Fast Mart 2, LLC",522
4889,Fast Trip ,523
5032,Fastmart,58
4991,Fasttrak,524
5274,FILL R UP,525
4545,FILL R UP,526
4958,Five Corners Liquor & Wine,527
4080,Five Corners Liquor and Win,527
4050,Five Star Snacks and Liquor,528
4036,Five Star Snacks and More,529
5227,Food & Gas Mart  ,530
5117,Food & Gas Mart  ,531
4152,Food Land Super Markets ,532
4000,Foodland Super Markets ,533
2233,Forbes Liquor Locker ,534
4115,Forrest Hometown Market,535
4793,Forrest Hometown Market,536
3679,Fort Madison Fast Break,537
3688,FRANKLIN STREET FLORAL & GIFT,538
4067,Fredericksburg Food Center,539
5343,Freeman Foods,540
5259,Freeman Foods,541
3829,Freeman Foods,542
5171,Gary's Foods ,543
5049,Gary's Foods ,544
4897,Gary's Foods ,545
4043,Gary's Foods ,546
4752,Gasland #102 ,547
5163,Gasland #102 ,548
5218,Gasland #102 ,549
4638,Gasland #102 ,550
3536,GD Xpress ,551
5236,Geno's Liquor,552
4806,Geno's Liquor,553
5205,Giri's Liquor Store ,554
5260,Giri's Liquor Store ,555
5261,Giri's Liquor Store ,556
5403,Giri's Liquor Store ,557
3943,Giri's Liquor Store ,558
4177,Good and Quick Co,559
4899,"Good Luck, Inc.",560
4337,Graettinger Market,561
3495,Grand Falls Casino Resort,562
5437,Great Pastimes,562
3994,Great Pastimes,563
4070,Great Spirits Wine & Liquor Co.,564
4572,Grieder Beverage Depot,77
4926,Grundy Center Family Foods,565
4283,GS Super Stop,566
5192,Guppys On The Go,567
4662,Guppys On The Go,568
4670,Guppy's On The Go ,569
5190,Guppy's On The Go ,570
4787,Guppy's On The Go ,571
4186,Guppy's On The Go Swisher,572
4062,H and A Mini Mart ,573
4988,H and A Mini Mart Corp,574
5027,Happy's Wine & Spirits,575
4081,Hard Rock Hotel & Casino Sioux City,576
3858,Harlan's Food Mart,577
4226,Harolds Jack N Jill ,578
3784,Harolds Jack N Jill ,579
3849,Hartig Drug #14 ,580
4106,Hartig Drug Co #6 ,581
3841,Hartig Drug Co. JFK Rd,582
3738,Hartig Drug Company #2 ,583
3959,Hartig Drug Company #4 ,584
3565,Hartig Drug Company #8 ,585
4193,Hartig Drug Store #10,586
4784,Hartley Wine And Spirits,587
5023,Hartley Wine And Spirits,588
4693,Hartley Wine And Spirits,589
5025,Hartley Wine And Spirits,589
5024,Hartley Wine And Spirits,587
4618,Hartley Wine And Spirits,590
3440,Hawkeye Convenience Stores ,591
4052,Hawkeye Pantry,592
4660,Hawkeye Pantry,593
2106,Hill Brothers Jiffy Mart ,594
4962,Hillstreet News and Tobacco,595
4093,Hilltop Grocery,596
4465,Hiway 20 Liquors ,597
4322,Hiway 20 Liquors ,49
4016,Hometown Foods ,598
4018,Hometown Foods ,599
3972,Hometown Foods ,600
3465,Hometown Foods ,601
3864,Hometown Foods ,602
3950,Hometown Foods ,4
3461,Hometown Foods ,603
4557,Hometown Foods ,604
3740,Hometown Foods ,605
5325,Hometown Foods ,606
4299,Hometown Foods ,607
5265,Hometown Market ,608
4903,Hometown Market ,608
4762,Hometown Market ,525
2161,Hometown Market ,609
4931,Huber's Store Inc.,610
4858,Huber's Store Inc.,611
2663,Huber's Store Inc.,612
2501,Huber's Store Inc.,613
2671,Hy-Vee ,614
2673,HY-VEE ,615
2506,Hy-Vee ,616
2666,Hy-Vee ,617
2624,Hy-Vee ,618
2582,Hy-Vee ,619
2633,Hy-Vee ,620
2649,Hy-Vee #1044 ,621
2614,Hy-Vee #2 ,622
2635,Hy-Vee #2 Food Store ,623
2648,Hy-Vee #3 ,624
2637,Hy-Vee #3 BDI,625
2647,Hy-Vee #3 BDI,626
2578,Hy-Vee #3 Food and Drugstore,627
2669,Hy-Vee #3 Food and Drugstore,628
2509,Hy-Vee #3 Food and Drugstore,629
2511,Hy-Vee #4 ,630
2536,Hy-Vee #4 ,631
2596,Hy-Vee #4 ,632
2665,Hy-Vee #5 ,633
2651,Hy-Vee #5 ,634
2620,Hy-Vee #7 ,635
2672,Hy-Vee Drugstore ,636
2664,Hy-Vee Drugstore ,637
2609,Hy-Vee DrugStore ,638
2630,Hy-Vee Drugstore ,639
2510,Hy-Vee Drugstore ,640
2529,Hy-Vee Drugstore ,641
2605,Hy-Vee DrugStore ,642
2618,Hy-Vee Drugstore ,643
2503,Hy-Vee DrugStore ,644
2641,Hy-Vee Drugstore ,645
2567,Hy-Vee Drugstore ,646
2537,Hy-Vee Drugstore ,647
2545,Hy-Vee Drugstore ,648
2514,Hy-Vee Drugstore #4 ,649
2592,Hy-Vee Drugstore #4 ,650
2652,Hy-Vee Drugstore #5 ,651
2645,Hy-Vee Drugstore #5 ,652
2611,Hy-Vee Drugstore #5 ,653
2626,Hy-Vee Drugstore #6 ,654
2534,Hy-Vee Drugtown #1,655
2588,Hy-Vee Drugtown #1,656
2616,Hy-Vee Food and Drug ,657
2521,Hy-Vee Food and Drug #6 ,658
2500,Hy-Vee Food and Drug Grand,659
2507,Hy-Vee Food Store ,660
2508,Hy-Vee Food Store ,661
2613,Hy-Vee Food Store ,662
2515,Hy-Vee Food Store ,663
2517,Hy-Vee Food Store ,664
2543,Hy-Vee Food Store ,665
2575,Hy-Vee Food Store ,666
2535,Hy-Vee Food Store ,667
2569,Hy-Vee Food Store ,671
2629,Hy-Vee Food Store ,672
2532,Hy-Vee Food Store ,673
2513,Hy-Vee Food Store ,674
2571,Hy-Vee Food Store ,675
2552,Hy-Vee Food Store ,676
2528,Hy-Vee Food Store ,620
2621,Hy-Vee Food Store ,677
2538,Hy-Vee Food Store ,678
2568,Hy-Vee Food Store ,679
2623,Hy-Vee Food Store ,680
2564,Hy-Vee Food Store ,681
2590,Hy-Vee Food Store ,682
2527,Hy-Vee Food Store ,683
2559,Hy-Vee Food Store ,684
2548,Hy-Vee Food Store ,685
2657,Hy-Vee Food Store ,686
2593,Hy-Vee Food Store ,687
2572,Hy-Vee Food Store #1 ,688
2523,Hy-Vee Food Store #1 ,689
2551,Hy-Vee Food Store #1 ,690
2597,Hy-Vee Food Store #1 ,691
2655,Hy-Vee Food Store #1 ,692
2670,Hy-Vee Food Store #1 ,693
2656,Hy-Vee Food Store #1 ,694
2659,Hy-Vee Food Store #1 ,695
2553,Hy-Vee Food Store #1 ,696
2554,Hy-Vee Food Store #1 ,697
2524,Hy-Vee Food Store #1 ,698
2628,Hy-Vee Food Store #1 ,699
2601,Hy-Vee Food Store #1 ,700
2561,Hy-Vee Food Store #1 ,701
2562,Hy-Vee Food Store #1 ,702
2584,Hy-Vee Food Store #1 ,703
2579,Hy-Vee Food Store #1 ,704
2549,Hy-Vee Food Store #1 ,705
2622,Hy-Vee Food Store #2 ,706
2539,Hy-Vee Food Store #2 ,707
2587,Hy-Vee Food Store #2 ,708
2555,Hy-Vee Food Store #2 ,709
2566,Hy-Vee Food Store #2 ,710
2668,Hy-Vee Food Store #2 ,711
2560,Hy-Vee Food Store #2 ,712
2544,Hy-Vee Food Store #3 ,713
2658,Hy-Vee Food Store #3 ,714
2558,Hy-Vee Food Store #3 ,715
2573,Hy-Vee Food Store #3 ,716
2550,Hy-Vee Food Store #3 ,717
2600,Hy-Vee Food Store #4 ,718
2661,Hy-Vee Food Store #4 ,720
2660,Hy-Vee Food Store #4 ,721
2594,Hy-Vee Food Store #4 ,722
2565,Hy-Vee Food Store #4 ,723
2583,Hy-Vee Food Store #5 ,724
2602,Hy-Vee Food Store #5 ,725
2644,Hy-Vee Food Store #5 ,726
2667,Hy-Vee Fort Dodge Wine and Spirits,727
2612,Hy-Vee Mainstreet,728
2625,Hy-Vee Store ,729
2662,Hy-Vee Store ,730
2627,Hy-Vee Wine & Spirits ,731
2585,Hy-Vee Wine and Spirits ,732
2634,Hy-Vee Wine and Spirits ,733
2502,Hy-Vee Wine and Spirits ,734
2591,Hy-Vee Wine and Spirits ,735
2603,Hy-Vee Wine and Spirits ,736
2505,Hy-Vee Wine and Spirits ,737
2638,Hy-Vee Wine and Spirits ,574
2599,Hy-Vee Wine and Spirits ,738
2595,Hy-Vee Wine and Spirits ,739
2556,Hy-Vee Wine and Spirits ,740
2650,Hy-Vee Wine and Spirits ,741
2636,Hy-Vee Wine and Spirits ,742
2606,Hy-Vee Wine and Spirits ,743
2512,Hy-Vee Wine and Spirits ,744
2604,Hy-Vee Wine and Spirits ,745
2642,Hy-Vee Wine and Spirits ,746
2518,Hy-Vee Wine and Spirits ,747
2607,Hy-Vee Wine and Spirits ,748
2522,Hy-Vee Wine and Spirits ,749
2576,Hy-Vee Wine and Spirits ,750
2653,Hy-Vee Wine and Spirits ,751
2643,Hy-Vee Wine and Spirits #1,752
2619,Hy-Vee Wine and Spirits #2,753
4165,Hy-Vee Wine and Spirits #2,754
4312,I-35 Spirits ,755
3614,I-80 Liquor ,756
5004,I-80 Liquor ,757
5151,Ida Grove Food Pride,758
4840,IDA Liquor,759
4684,Independence Ave Liquor & Food ,760
4482,Indy 66 #928 ,761
2248,Indy 66 West #929 ,762
3698,Ingersoll Liquor and Beverage,763
4844,Ingersoll Wine Merchants,764
9013,Ingersoll Wine Merchants,765
9023,Ingersoll Wine Merchants,766
5374,Ingersoll Wine Merchants,767
5482,Ingersoll Wine Merchants,768
4167,Ingersoll Wine Merchants,769
5084,"Iowa Street Market, Inc.",770
4700,"Iowa Street Market, Inc.",771
4584,J & C Grocery ,772
4046,J & C Grocery ,773
3723,J and K Market,774
2113,J D Spirits Liquor,775
4830,Jamboree Foods,776
3484,Jamboree Foods,777
4347,Jeff's Foods,778
4967,Jeff's Foods,778
5071,Jeff's Market ,779
4564,JEFF'S MARKET ,779
4963,Jeff's Market ,779
4970,JEFF'S MARKET ,780
4484,JEFF'S MARKET ,780
4964,Jeff's Market ,781
5070,Jeff's Market ,781
4348,JEFF'S MARKET ,781
4187,Jeff's Market ,782
3621,Jensen Liquor North,783
4166,"Jensen Liquors, Ltd.",784
4504,Jesup Food Center,785
4944,JIFFY EXPRESS #921 ,786
4011,JIFFY EXPRESS #921 ,787
5038,Jim and Charlies Affiliated,528
5174,Jim's Food,582
4860,Jim's Food,788
5207,Jims Foods,788
5105,Jims Foods,789
3925,Johncy's Liquor Store,789
2285,Johncy's Liquor Store Inc,790
5292,John's Grocery,791
9906,John's Grocery,792
4328,John's Grocery,793
3492,Jr's On The Rocks,794
3682,Jr's On The Rocks,795
4883,Jumbo's,796
4538,K & L Foods,797
4025,K & L Foods,798
3514,Karam Kaur Khasriya Llc,799
5165,Karen's Spirits and Wine,800
3957,Karen's Spirits and Wine,801
3569,Karl's Grocery Store,802
4789,Karl's Grocery Store,802
5226,Karl's Grocery Store,29
3013,Karl's Grocery Store,803
4071,Keith's Foods,804
5138,Keith's Foods,804
2191,Kellogg Country Store,805
4279,Keokuk Spirits,806
5224,Keota Eagle Foods,807
4308,Keota Eagle Foods,807
4766,Keystone Liquor and Wine ,808
3482,Keystone Liquor and Wine ,809
3715,Kick The Can,810
5203,Kimberly Mart ,811
4982,Kimberly Mart ,812
5157,Kimberly Mart ,813
5159,Kimberly Mart ,814
4957,Kimberly Mart ,815
5219,Kimberly Mart ,816
3766,Kimberly Mart ,817
3582,Kolby's Liquor Store,818
4561,Korthouse Liquor,819
3930,Kroegers Liquor Co LLC,820
5358,Kuennen's Liquor Store,821
5388,Kuennen's Liquor Store,822
5338,Kuennen's Liquor Store,823
5058,Kuennen's Liquor Store,824
4421,Kuennen's Liquor Store,825
4367,KUM & GO #1 ,826
4675,Kum & Go #109 ,827
4917,Kum & Go #113 ,828
4387,Kum & Go #113 ,829
4449,KUM & GO #117 ,830
5465,Kum & Go #121 ,831
4355,Kum & Go #121 ,832
4357,Kum & Go #124 ,833
4407,Kum & Go #125 ,247
5211,Kum & Go #125 ,834
4920,Kum & Go #125 ,835
4395,KUM & GO #1272 ,836
4501,KUM & GO #133 ,837
4362,Kum & Go #134 ,838
4366,Kum & Go #135 ,839
4374,Kum & Go #137 ,840
5091,Kum & Go #141 ,841
4392,Kum & Go #141 ,842
4450,KUM & GO #156 ,843
4941,Kum & Go #157 ,844
4400,Kum & Go #170 ,245
4259,Kum & Go #170 ,246
4422,Kum & Go #170 ,845
4455,Kum & Go #170 ,846
4445,KUM & GO #193 ,847
4428,Kum & Go #196 ,848
4432,Kum & Go #200 ,849
5197,Kum & Go #200 ,849
4378,Kum & Go #201 Coralville,850
4410,Kum & Go #202 ,851
5092,Kum & Go #203 ,852
4393,Kum & Go #203 ,853
4600,KUM & GO #206 ,854
4603,Kum & Go #207 ,855
4379,Kum & Go #208 ,856
4384,Kum & Go #2091 Ashworth,857
4470,Kum & Go #2093 ,858
4471,Kum & Go #211 ,859
4438,Kum & Go #212 ,860
4437,Kum & Go #214  Ames,831
4436,Kum & Go #215  Ames,861
4440,Kum & Go #216  Ames,862
4364,Kum & Go #216  Ames,863
4435,Kum & Go #219  Council Bluffs,864
4408,Kum & Go #220  Council Bluffs,865
4365,KUM & GO #2217 ,866
4558,Kum & Go #222 ,867
4674,Kum & Go #226 ,868
4565,Kum & Go #227 ,869
4554,KUM & GO #228 ,870
4414,Kum & Go #229 ,871
4390,KUM & GO #23 ,872
4391,KUM & GO #23 ,873
4375,KUM & GO #23 ,874
4433,Kum & Go #237 ,875
4370,Kum & Go #24  Pleasant Hill,876
4848,Kum & Go #240 ,877
4454,Kum & Go #246 ,878
5188,Kum & Go #246 ,879
4380,Kum & Go #246 ,880
4412,Kum & Go #254 ,881
4369,Kum & Go #267 ,882
4404,Kum & Go #28 ,883
4351,KUM & GO #292 ,884
4353,Kum & Go #301 ,885
4429,Kum & Go #302 ,886
4363,Kum & Go #32 ,244
4360,Kum & Go #32 ,887
5160,Kum & Go #333 ,888
4420,Kum & Go #333 ,889
4356,KUM & GO #38 ,890
4419,Kum & Go #396 ,891
4406,KUM & GO #4 ,892
4372,KUM & GO #4020 ,893
4919,KUM & GO #4020 ,894
4403,Kum & Go #404 ,896
5107,Kum & Go #404 ,895
4601,KUM & GO #4098 ,897
4444,Kum & Go #4110 ,898
4354,Kum & Go #4127 ,253
4457,Kum & Go #4127 ,899
4385,KUM & GO #422 ,900
5090,Kum & Go #43 ,902
4467,Kum & Go #43 ,903
4413,Kum & Go #438 ,905
4381,Kum & Go #438 ,906
5011,Kum & Go #438 ,906
4418,Kum & Go #443 ,907
4398,KUM & GO #46 ,908
4371,KUM & GO #4786 ,909
4383,Kum & Go #50 ,910
4352,Kum & Go #50 ,250
4401,Kum & Go #50 ,911
4427,KUM & GO #503 ,912
4566,Kum & Go #507 ,913
4605,Kum & Go #508 ,914
4837,Kum & Go #509 ,915
4654,Kum & Go #51 ,916
4583,KUM & GO #510 ,813
4415,Kum & Go #5100 ,917
4950,KUM & GO #513 ,918
4687,Kum & Go #514 ,919
4810,Kum & Go #517 ,920
4836,Kum & Go #518 ,921
4852,Kum & Go #52 ,922
5185,Kum & Go #52 ,923
4456,Kum & Go #52 ,924
5057,Kum & Go #53 ,925
5235,Kum & Go #53 ,926
4459,Kum & Go #53 ,927
4586,Kum & Go #544 ,928
4358,Kum & Go #545 ,929
4667,Kum & Go #553 ,930
4368,Kum & Go #56 ,931
4448,Kum & Go #570 ,932
4641,Kum & Go #572 ,933
4925,Kum & Go #573 ,934
4927,Kum & Go #573 ,935
4609,Kum & Go #576 ,936
4868,Kum & Go #579 ,937
4399,Kum & Go #579 ,938
4376,Kum & Go #59 ,939
4394,Kum & Go #6 ,940
4486,Kum & Go #6 ,941
5021,Kum & Go #6 ,941
4853,Kum & Go #608 ,942
4389,Kum & Go #608 ,251
4887,Kum & Go #62 ,943
4386,KUM & GO #651 ,531
4350,Kum & Go #66 ,252
4044,KUM & GO #701 ,305
4373,Kum & Go #713 ,944
4359,Kum & Go #74 ,945
4417,Kum & Go #75 ,946
5088,Kum & Go #75 ,947
4768,KUM & GO #76 ,949
4382,Kum & Go #768 ,950
4402,Kum & Go #8 8th St,951
4416,KUM & GO #80 ,952
4430,KUM & GO #80 ,953
4431,Kum & Go #87 ,954
4409,Kum & Go #87 ,955
4405,Kum & Go #89 ,956
4411,KUM & GO #92 ,957
4451,KUM & GO #95 ,958
4772,Kum & Go #96 ,959
5022,Kum & Go #96 ,959
4270,Kum & Go #97 ,888
4633,Kum & Go #97 ,960
4626,Kwik Shop #520 ,961
4625,Kwik Shop #527 ,962
4629,Kwik Shop #532 ,963
4637,Kwik Shop #541 ,964
4636,Kwik Shop #560 ,965
4635,Kwik Shop #561 ,966
4634,Kwik Shop #563 ,967
4624,Kwik Shop #565 ,968
3882,Kwik Shop #568 ,969
4644,Kwik Shop #579 ,970
4645,Kwik Shop #588 ,971
5182,Kwik Shop #589 ,972
5033,Kwik Shop #589 ,973
5118,Kwik Shop #589 ,974
4961,Kwik Shop #589 ,975
4221,Kwik Shop #589 ,973
4996,Kwik Stop ,976
5006,Kwik Stop ,977
4265,Kwik Stop ,978
4900,Kwik Stop 3 ,979
4765,Kwik Stop 4 ,980
5175,Kwik Stop 4 ,981
4685,Kwik Stop 4 ,982
5187,Kwik Stop Food Mart,983
4831,Kwik Stop Food Mart,985
4173,L & M Gas & Grocery ,986
3584,L and K Liquor,987
5060,L and M Beverage,988
3596,L and M Beverage,989
4998,L and M Beverage,990
4969,Lake City Food Center,991
4219,Lake City Food Center,991
4042,Lake Liquors Wine and Spirits,992
5154,Lake Liquors Wine and Spirits,993
4116,Lake Liquors Wine and Spirits,994
4118,Lake View Foods,995
5017,Lake View Redemption Center,996
4005,Lansing IGA,996
4006,Lansing Liquor and More,997
4904,Larchwood Offsale,998
4336,Larchwood Quick Stop,999
3400,Last Call 2,1000
5055,Last Stop Beverage Shop,1001
3616,Last Stop Beverage Shop,1002
5005,Last Stop Beverage Shop,1002
5239,Laurens Food Pride,1003
4294,Laurens Food Pride,1004
5222,Lena's Liquors,1005
4617,Lena's Liquors,1006
4820,Lickety Liquor,1007
5413,Lil' Chubs Corner Stop,1007
4869,Lil' Chubs Corner Stop,1008
4639,Lindsanator's,1010
4426,Lindsanator's,1011
5248,LIQUOR AND GROCERY DEPOT,1012
3929,LIQUOR AND GROCERY DEPOT,1013
4323,LIQUOR AND GROCERY DEPOT,1014
4203,Liquor And Tobacco Outlet,1014
3878,Liquor And Tobacco Outlet,43
4218,Liquor And Tobacco Outlet,1015
4642,Liquor and Tobacco Outlet ,1016
2460,Liquor and Tobacco Outlet ,1017
5121,"Liquor Barn, Inc.",1017
4812,"Liquor Barn, Inc.",1017
3926,Liquor Beer & Tobacco Outlet ,1018
3705,Liquor Downtown ,1019
5441,Liquor Locker,1020
3989,Liquor Locker,1021
3576,Liquor On The Corner ,1022
5034,Liquor Store ,1023
4805,Liquor Tobacco & Groceries,1013
4144,Liquor Tobacco & Grocery ,1017
5361,"Liquor, Beer and Tobacco Outlet",1024
3847,"Liquor, Beer and Tobacco Outlet",1025
5063,Logan Ave Convenience Store,1025
3611,Logan Ave Convenience Store,1026
4650,Logan Super Foods,1027
3952,Loofts on 9 Liquor Here or Liquor Th,1028
4345,Lot-A-Spirits,1029
4101,Lucky Mart,1030
3655,Lucky Stop Inc.,1031
3583,M and M Liquor Store,1032
5257,Mac's Liquor And Videos,1033
4990,Mac's Liquor And Videos,1034
5148,Mac's Liquor And Videos,1035
4188,MAD Ave Quik Shop,1035
3763,"Main St. Market, Inc.",1036
3756,Main Street Liquors ,1037
4267,Main Street Liquors ,1038
3932,Main Street Market Of Anita,1039
4041,Main Street Spirits ,1040
4921,Main Street Spirits ,1041
2422,Market Express,1042
5444,Market Express,1043
4026,Market Express,1044
4640,Market Express,1045
4133,Mart Stop #1 ,1046
4090,Mccoy's 1447,1047
4033,Mcelroy's Food Market,1048
3054,Mcelroy's Food Market,1049
4790,Mcnally's Super Valu,1050
5327,Mcnally's Super Valu,1051
4303,Mcnally's Super Valu,1052
4649,Mepo Foods,1053
4512,Metro Liquor and Tobacco,1054
4966,Metro Liquor and Tobacco,1055
4758,Metro Mart #4 ,1056
5028,Metro Mart #4 ,1057
9002,Midtown ,1058
4341,Mississippi River Distillery,1034
5434,Mj's Grocery,1059
3973,Mj's Grocery,1060
3968,Mmdg Spirits ,1061
3712,Monroe Liquor,1062
3065,Monte Spirits,1063
4331,Montezuma Super Valu,1064
4973,Montezuma Super Valu,1064
4460,Montezuma Super Valu,1065
5089,Mrs. B's Liquor,1066
3695,Mrs. B's Liquor,1067
4834,Nash Finch ,1068
3172,Nash Finch ,20
3162,Nash Finch ,1069
4295,Nat Food Mart ,1070
4632,Nat Food Mart #1 ,1071
4502,Neighborhood Mart ,1072
5009,New Star,1073
5074,New Star ,1074
5014,New Star ,1075
5030,New Star ,529
5155,New Star ,1076
5101,New Star ,529
4764,New Star ,1077
5238,New Star  ,1078
5243,New Star 3 ,1079
5447,New Star 3 ,1080
4550,New Star 3 ,1076
4683,New Star 3 ,1076
5085,New Star Liquor Lafayet,610
5167,New Star Liquor Lafayet,1081
4214,New Star Liquor Lafayet,1082
3993,New Star Liquor W 4th S,1083
4671,New Star Mart  ,1083
4215,New Star Mart  ,1083
5116,New Star Mart (Amoco),1084
4951,New York Dollar Store,60
5031,New York Dollar Store,1085
3710,Newman's Thriftway,1086
5178,Newman's Thriftway,1087
4010,Newman's Thriftway,1088
4121,No Frills Supermarkets ,1089
4742,No Frills Supermarkets ,1090
4729,No Frills Supermarkets #786 ,1091
4708,No Frills Supermarkets #791 ,1092
4040,No Frills Supermarkets #803 ,414
4039,No Frills Supermarkets #803 ,1093
4038,Nodaway Valley Market,1091
4049,Nodaway Valley Market,1092
4620,North English Family Food,1094
4314,North English Family Food,1095
3976,North English Family Food,1096
5026,North Scott Foods,1096
3732,North Scott Foods,1097
4615,North Side Liquor & Grocery,1098
5251,Northside One Stop ,1098
4306,Northside One Stop ,1099
4918,Oasis,1100
5153,Oasis,1101
5051,Oasis,1102
5131,Oasis,1103
4108,Oasis Grocery and Liquor ,1104
3812,Okoboji Avenue Liquor,1105
4628,Okoboji Avenue Liquor,1106
5180,Okoboji Avenue Liquor,1107
3390,Okoboji Avenue Liquor,1108
3697,Oky Doky #2 ,1109
4992,Osage Liquors,1110
3798,Osage Liquors,1111
5067,Osage Liquors,1112
3531,Osage Liquors,1113
4945,Osage Liquors,1113
4559,Osage Payless Foods,1114
2806,Osco #881 ,1115
3845,Parktown BP ,1116
5200,Payless Foods ,1117
4443,Payless Foods ,1118
9018,Payless Foods ,1119
4763,Payless Foods ,60
3744,Payless Foods ,1120
5299,Perfect Value Liquor Mart,1121
5072,Perfect Value Liquor Mart,1122
4916,Perfect Value Liquor Mart,1123
4464,Perfect Value Liquor Mart,1124
5020,Pit Stop Liquor and Tobacco,1125
5390,Pit Stop Liquor and Tobacco,1126
5132,Pit Stop Liquor and Tobacco,1127
5245,Pit Stop Liquor and Tobacco,1128
4936,Pit Stop Liquor and Tobacco,1129
3791,Pit Stop Liquor and Tobacco,1130
4604,Pit Stop Liquors ,1131
4682,Pleasantville Grocery,1132
4134,Pleasantville Grocery,1133
5036,Point Liquor & Tobacco,1134
4835,Point Liquor & Tobacco,1134
5230,Point Liquor and Tobacco,1135
5168,Prairie Meadows,1136
4282,Prairie Meadows,1136
2478,Prairie Meadows,1137
5128,Price Chopper  ,1138
5123,Price Chopper  ,1139
5127,Price Chopper  ,1140
5124,Price Chopper  ,1141
5126,Price Chopper  ,1142
4907,Prime Mart ,1143
4910,Prime Mart ,1144
5134,Prime Mart ,1145
4648,Prime Mart ,1146
4581,Prime Mart #3 ,1147
4914,Prime Mart #3 ,1147
4978,"Private Cellar, Inc.",1148
5426,"Private Cellar, Inc.",1147
4078,"Private Cellar, Inc.",1143
5339,"Private Cellar, Inc.",1149
3530,"Private Cellar, Inc.",1150
2475,"Private Cellar, Inc.",1151
4965,Pronto ,1100
4582,Pronto ,1152
4980,Pronto Market ,1153
3543,Pronto Market ,525
4938,Pronto Market ,1154
5075,Puff N Snuff,1155
4646,Puff N Snuff,1156
4862,Puff N Snuff,525
5115,Puff N Snuff,1157
4181,Puff N Snuff,1158
4909,Quality Quick Stop,1159
4698,Quality Quick Stop,1160
4876,Quick Mart ,1161
4327,Quick Mart ,1161
3456,Quick Shop ,1162
4472,Quick Shop Foods ,1163
3549,Quicker Liquor Store,1164
5516,Quik Shop Foods ,1165
3573,Quik Shop Foods ,1166
5204,Quik Trip #500 ,1167
4599,Quik Trip #500 ,1168
4598,QUIK TRIP #503 ,1169
4461,QUIK TRIP #503 ,1170
4446,QUIK TRIP #513 ,1171
4397,Quik Trip #517 ,1172
4696,Quik Trip #523 ,1173
4597,Quik Trip #523 ,1174
5501,Quik Trip #534 ,1175
4661,Quik Trip #534 ,1176
4596,Quik Trip #534 ,1177
4361,Quik Trip #544 ,1178
4622,Quik Trip #544 ,1179
4594,Quik Trip #559 ,1180
5507,Quik Trip #559 ,1181
4595,Quik Trip #559 ,1182
4377,Quik Trip #562 NE 14th,1183
4388,QUIK TRIP #567 ,1184
4447,QUIK TRIP #568 ,1185
4458,Quillins Decorah,1186
4425,Quillins Decorah,1187
5087,Quillins Decorah,1188
3819,Quillins Decorah,1189
3857,Quillins Food Ranch ,1190
4972,Quillins Quality Foods West Union,1065
5330,Quillins Quality Foods West Union,1191
3969,Quillins Quality Foods West Union,1192
5458,"R 'n D's Liquor, Llc",1193
4691,"R 'n D's Liquor, Llc",1194
3853,Railroad Street Tobacco and Spirits,1195
5110,Ram Liquor Mart,1196
4338,Ramsey's Market Liquor,1197
5113,Ramsey's Market Liquor,1198
2459,"Ray's Supermarket, Inc.",1199
4694,Reinhart Foods,1200
4949,Rina Mart LLC ,381
4933,River Drive Smoke Shop,1201
4983,River Drive Smoke Shop,1202
3910,River Mart,1203
5198,Riverside Casino And Resort,1204
5019,Riverside Liquor,1205
5490,Riverside Liquor,1206
5247,Riverside Liquor,1207
4937,Riverside Quick Shop,1208
4815,Riverside Quick Shop,1208
2228,ROCSTOP,1209
4865,Rodgers Spirits and More,1210
5048,Rodgers Spirits and More,1211
3818,Rolfe Area Market,1212
5309,Round Window Liquor,1071
4346,Round Window Liquor,1213
2445,Roy's Foodland,1214
5104,Ruback's Food Center,1215
4274,Rustic Lure Wine and Spirits,1216
4330,Ruthven Meat Processing,1084
4068,Ruthven Meat Processing,1217
3915,Sa Petro Mart,1218
5010,Sa Petro Mart,1219
2200,Sac City Food Pride,1220
4301,Sac Liquor Store,1221
4076,Sahota Food Mart,557
4979,Sakar Liquor Store,1005
3944,Sam Liquor,1222
3420,Sam's Club 4973 ,1223
3447,Sam's Club 6344 ,1224
3477,Sam's Club 6432 ,1225
3494,Sam's Club 6472 ,1226
3524,Sam's Club 6514 ,1227
5144,Sam's Club 6568 ,1228
3385,Sam's Club 6979 ,1229
3354,Sam's Club 8162 ,1230
5100,Sam's Club 8238 ,1231
4126,Sam's Food,1232
4879,Sam's Mainstreet Market ,1233
4588,Sam's Mini Mart ,1234
4676,Sam's Mini Mart ,1235
4892,Sam's Mini Mart ,557
4827,Sara Mini Mart,1237
4483,Sara Mini Mart,1237
5286,Sara Mini Mart,1238
3587,Sauce,1239
4085,Save A Lot  #482,1198
4097,Save More Foods ,1240
3838,Schleswig Foods And Spirits,1241
4891,Schnucks ,1242
3437,Schottsy's Liquor,1243
3606,Scott's Foods,1244
3947,Scotty's Liquor Store,1245
4452,Seaton's Flag Foods,1246
4568,Select Mart    Gordon Dr,1247
4494,Select Mart   Floyd Blvd,287
3664,Select Mart   Floyd Blvd,1248
4172,Shade Tree Liquors,1249
5194,Shamrock Spirits,1250
4462,Shamrock Spirits,1251
5137,SHELTON'S,1253
3772,Shop n Save ,1254
3825,Shop N Save #1 ,1255
4928,Shop N Save #2 ,1256
4302,Shop N Save #2 ,1256
4567,Shop N Save #2 ,1257
4878,Shop N Save NW 2nd Ave,1258
3734,Shortee's Pit Stop,1259
3064,"Shortee's Pit Stop, Inc.",1260
3041,"Shortee's Pit Stop, Inc.",1261
4210,Shugar's Super Valu ,1262
2465,Sichanh Liquor Store,1263
4453,Sid's Beverage Shop,1264
5016,SID'S GAS and GROCERIES,1265
4981,SID'S GAS and GROCERIES,1266
3964,Sinclair Food Mart,1267
4008,Sioux Food Center of Sioux Rapids,1268
3986,Sioux Valley Spirits,1269
4993,Siouxland Beverage,1270
4847,Site Food Mart,1271
4280,Slagle Foods LeClaire,1271
3678,Slagle's Grocery ,1272
4906,"Smoke Shop, The",770
3918,Smoke.N.Pipe,1273
4180,Smokin' Joe's #1 Tobacco and Liquor,1274
3920,Smokin' Joe's #10 Tobacco and Liquor,1275
3928,Smokin' Joe's #11 Tobacco and Liquor,1276
5142,Smokin' Joe's #12 Tobacco and Liquor,1277
3912,Smokin' Joe's #13 Tobacco & Liquor O,1279
5176,Smokin' Joe's #14 Tobacco and Liquor,1280
3907,Smokin' Joe's #15 Tobacco & Liquor O,1281
4794,Smokin' Joe's #16 Tobacco and Liquor,1282
3896,Smokin' Joe's #17 Tobacco and Liquor,1283
3917,Smokin' Joe's #18 Tobacco and Liquor,1284
4619,Smokin' Joe's #2 Tobacco and Liquor,300
4273,Smokin' Joe's #3 Tobacco and Liquor,1285
3916,Smokin' Joe's #4 Tobacco and Liquor,1286
3894,Smokin' Joe's #5 Tobacco and Liquor,1287
3890,Smokin' Joe's #6 Tobacco and Liquor,1288
5436,Smokin' Joe's #7 Tobacco and Liquor,1289
4580,Smokin' Joe's #7 Tobacco and Liquor,1290
5460,Smokin' Joe's #9 Tobacco and Liquor,1291
4885,Smokin' Joe's #9 Tobacco and Liquor,1292
4673,SNK Gas & Food LLC,1293
3642,SNK Gas & Food LLC,1293
5145,South Side Food Mart,1294
4905,South Side Grocery,1295
4349,Southside Food Mart,1294
4697,Southside Liquor & Tobacco ,1296
4851,Southside Liquor & Tobacco Outlet ,1297
3785,Southside Tobacco and Liquor,1298
4613,Sparky's One Stop ,1299
4441,SPEEDE SHOP,1300
4498,Speede Shop ,1301
4867,Speedy Gas N Shop,1302
2367,Spencer's Grocery,1304
4881,Sperry One Stop Shop LLC,1305
4469,Sperry One Stop Shop LLC,1305
4034,Spice-n-ice,1306
4681,Spirits ,1307
4344,Spirits ,1308
2260,Spirits and Such,1309
2132,Spirits and Such,1307
5425,"Spirits, Stogies and Stuff",1310
3650,"Spirits, Stogies and Stuff",1311
5423,State Food Mart,1312
5013,State Food Mart,1313
4223,STATION MART LIQUOR AND TOBACCO,1314
4222,STATION MART LIQUOR AND TOBACCO,1315
3779,"Station Wine and Spirits, T",1316
4843,Stewart Road Fast Break,1317
4326,Stratford Food Center,1318
3803,Strawberry Foods and Deli,1319
4952,Sub Express & Gas,1320
5555,Sub Xpress & Gas,1320
4526,Sub Xpress & Gas,1320
4213,Sunny's Mart,1321
4686,Sunny's Mart ,1321
5348,Super Quick ,559
5455,Super Quick ,1322
5199,Super Quick ,1322
4511,Super Quick ,1323
4169,Super Quick 2 ,1324
3443,Super Saver Iv,1325
5018,Super Saver Liquor LLC,1326
4974,Super Stop  SE 14th,1327
4819,Super Stop 2 ,1328
4690,Super Stop and Shop ,1329
4666,Super Stop II ,1328
4329,Super Stop II ,1328
5042,Super Stop III ,1158
3540,Super Target T-0533 ,1330
3528,Super Target T-0804 Mason City,1331
3016,Super Valu ,1332
3003,Super Valu ,1333
3816,Swils,1334
5493,Swils,1334
2130,Sycamore Convenience,1335
3676,T and M Foods,1336
4225,T P Plaza,1337
5468,Target Store T-0069 ,1338
3871,Target Store T-0069 ,1339
3872,Target Store T-0086 ,698
3901,Target Store T-0878 ,1340
3873,Target Store T-1113 ,1341
3866,Target Store T-1170 ,1342
3656,Target Store T-1767 ,1343
3707,Target Store T-1768 ,1344
3666,Target Store T-1771 ,1345
3691,Target Store T-1791 ,1346
3690,Target Store T-1792 ,1347
3879,Target Store T-1800 ,1348
3806,Target Store T-1901 ,1349
3870,Target Store T-1939 ,1350
3877,Target Store T-2041 ,1351
3880,Target Store T-2454 ,1352
4119,Target Store T-2526 ,1353
4057,Tequila's Liquor Store,1354
3826,Terribles Lakeside Casino,1355
4298,Terry's Food Center,1356
5152,The Beverage Shop ,973
3654,The Beverage Shop ,1357
4576,THE BOONEDOCKS,1358
5293,The Bottle Shop,1359
5112,The Bottle Shop,1360
4335,The Bottle Shop ,1361
4956,The Cooler,1362
5253,The Cue Liquors,1363
4593,The Cue Liquors,1364
5268,The Depot Atkins,1365
5196,The Depot Coralville,1366
5511,The Filling Station ,1367
4704,The Filling Station ,1368
5047,The Fresh Market,1369
5189,The Hangout Liquors,1370
3393,The Hangout Liquors,1371
3970,"The Liquor Cabinet, Inc.",1372
4481,THE LIQUOR HOUSE,1373
3717,The Liquor Stop ,1374
5029,The Liquor Stop LLC,1375
5311,The Liquor Store ,1376
3797,The Liquor Store ,1375
3831,The Market Of Madrid,1377
4776,The Market on 30 ,1378
4563,The Molehill,1379
4947,The Music Station,1380
5001,The Music Station ,1381
4309,The Party Pantry,1303
4672,The Pit Stop ,1382
4466,THE PUMPER,1383
3822,The Secret Cellar,1384
4861,The Station ,1385
5225,The Station II ,1386
4029,The Store,251
3808,Thriftway,1387
4574,ThuLords,1388
4631,Thunder Ridge Ampride,1389
4269,Tipton Family Foods,1390
3747,T-N-T Liquor,1391
4870,Tobacco 4 Less ,1392
5108,Tobacco 4 Less ,1392
4884,Tobacco Hut #11 ,1393
3963,Tobacco Hut #14 ,1394
4866,Tobacco Hut #18 ,1395
4113,Tobacco Hut #6 ,1395
5314,Tobacco Hut & Liquor,1396
4117,Tobacco Shop ,1397
5068,Tobacco Shop ,1398
4434,Todd's,1399
4176,Todds On The Go,1400
3895,Tom's Market and Meats,1401
5380,Transit General Store,1402
4953,Tri Stop,1403
4396,"Trunck's Country Foods, INC.",1404
3942,Twin Town Liquor,1405
4478,U S Gas,1406
5037,Uncorked Wine & Spirits,1130
4139,University Groceries,1408
5172,Uptown Liquor & Tobacco,1409
4288,Uptown Liquor and Tobacco,1409
4073,"Uptown Liquor, Llc",1410
4614,Urban Liquor,1411
4939,Urban Liquor,1412
5136,Urban Liquor,1413
5162,Urbandale Liquor,1414
4579,USA Food & Gas ,1415
4813,USA Food and Gas ,1415
5147,Victor's Market,1416
4325,Villisca Foods Inc.,1417
5385,Vine Food & Liquor,1418
4922,Vinos y Licores el Aguaje,1419
4669,Vom Fass ,1420
4795,Walgreens #00359 ,1421
4703,Walgreens #00910 ,1422
4735,Walgreens #01301 ,1423
4756,Walgreens #03196 ,1424
4761,Walgreens #03590 ,1425
4751,Walgreens #03595 ,1426
4741,Walgreens #03700 ,1427
4733,Walgreens #03773 ,1428
4744,Walgreens #03875 ,1429
4736,Walgreens #03876 ,1430
4750,Walgreens #04041 ,1431
4740,Walgreens #04405 ,1432
4796,Walgreens #04714 ,1433
4734,Walgreens #04973 ,1434
4745,Walgreens #05042 ,1435
4721,Walgreens #05044 ,1436
4731,Walgreens #05060 ,1437
4728,Walgreens #05077 ,1438
4707,Walgreens #05119 ,1439
4706,Walgreens #05144 ,1440
4749,Walgreens #05239 ,1441
4739,Walgreens #05306 ,1442
4702,Walgreens #05361 ,1443
4797,Walgreens #05362 ,1444
4791,Walgreens #05470 ,1445
4717,Walgreens #05512 ,1446
4798,Walgreens #05721 ,1447
4799,Walgreens #05777 ,1448
4801,Walgreens #05852 ,1449
4746,Walgreens #05885 ,1450
4692,Walgreens #05886 ,1451
4755,Walgreens #05941 ,1452
4724,Walgreens #05942 ,1453
4714,Walgreens #05943 ,1454
4730,Walgreens #05944 ,1455
4705,Walgreens #05977 ,1456
4711,Walgreens #06154 ,1457
4748,Walgreens #06186 ,1458
4699,Walgreens #06553 ,1459
4718,Walgreens #06623 ,1460
4719,Walgreens #06677 ,1461
4715,Walgreens #06678 ,1462
4802,Walgreens #07452 ,1463
4803,Walgreens #07453 ,1464
4726,Walgreens #07454 ,1465
4760,Walgreens #07455 ,1466
4804,Walgreens #07833 ,1467
4732,Walgreens #07967 ,1468
4800,Walgreens #07968 ,1469
4727,Walgreens #07996 ,1470
4722,Walgreens #09476 ,1471
4710,Walgreens #09708 ,1472
4695,Walgreens #09791 ,1473
4723,Walgreens #10557 ,1474
4688,Walgreens #10770 ,1475
4759,Walgreens #10855 ,1476
4713,Walgreens #10985 ,1477
4716,Walgreens #11153 ,1478
4701,Walgreens #11193 ,1479
4737,Walgreens #11330 ,1480
4747,Walgreens #11709 ,1481
5096,Walgreens #11710 ,1482
4689,Walgreens #11759 ,1483
4712,Walgreens #11942 ,1484
4709,Walgreens #12108 ,1485
4754,Walgreens #12148 ,1486
4679,Walgreens #12393 ,1487
4788,Walgreens #12580 ,1488
4975,Walgreens #15647 ,1489
3563,Wal-Mart 0559 ,1490
3719,Wal-Mart 0581 ,1491
3886,Wal-Mart 0646 ,1492
3888,Wal-Mart 0647 ,1493
3624,Wal-Mart 0748 ,1494
4015,Wal-Mart 0749 ,1495
3859,Wal-Mart 0750 ,1496
3949,Wal-Mart 0751 ,1497
3769,Wal-Mart 0753 ,1498
3790,Wal-Mart 0784 ,1499
3562,Wal-Mart 0797 ,1500
3713,Wal-Mart 0810 ,1501
4013,Wal-Mart 0841 ,1502
3592,Wal-Mart 0886 ,1503
3625,Wal-Mart 0892 ,1504
3721,Wal-Mart 0913 ,1505
4021,Wal-Mart 0985 ,1506
3889,Wal-Mart 1005 ,1507
3981,Wal-Mart 1152 ,1508
3731,Wal-Mart 1241 ,1509
3726,Wal-Mart 1285 ,1510
3722,Wal-Mart 1361 ,1511
4023,Wal-Mart 1389 ,1512
3789,Wal-Mart 1393 ,1513
3622,Wal-Mart 1415 ,1514
3811,Wal-Mart 1431 ,1515
3830,Wal-Mart 1435 ,1516
4098,Wal-Mart 1475 ,1517
3651,Wal-Mart 1491 ,1518
3663,Wal-Mart 1496 ,1519
4019,Wal-Mart 1506 ,1520
3934,Wal-Mart 1509 ,1521
3749,Wal-Mart 1526 ,1522
3628,Wal-Mart 1528 ,1523
4024,Wal-Mart 1546 ,1524
4027,Wal-Mart 1621 ,1525
3742,Wal-Mart 1625 ,1526
4266,Wal-Mart 1683 ,1527
3980,Wal-Mart 1721 ,1528
3696,Wal-Mart 1723 ,1529
4014,Wal-Mart 1732 ,1530
3645,Wal-Mart 1764 ,1531
4001,Wal-Mart 1787 ,1532
3629,Wal-Mart 1965 ,1533
3632,Wal-Mart 2004 ,1534
3626,Wal-Mart 2714 ,1535
3618,Wal-Mart 2716 ,1536
3644,Wal-Mart 2764 ,1537
3670,Wal-Mart 2827 ,1538
3647,Wal-Mart 2889 ,1539
3660,Wal-Mart 2935 ,1540
5077,Wal-Mart 3150 ,1541
3833,Wal-Mart 3394 ,1542
3757,Wal-Mart 3590 ,1543
3868,Wal-Mart 3630 ,1544
3899,Wal-Mart 3762 ,1545
4004,Wal-Mart 4256 ,1546
3997,Wal-Mart 4606 ,1547
3776,Wal-Mart 5115 ,1548
4209,Wal-Mart 5748 ,1549
4125,Wapello Jack and Jill,1550
3805,Washington Street Mini Mart,1551
5400,Waspy's Truck Stop,1552
5046,West K Mart,1553
5319,West Side Grocery,1554
5474,West Side Liquor,21
5043,West Side Liquor ,21
2327,West Side Spirits,1555
4857,Westland Fast Break,1556
4948,Wheatland Day Break,1557
3891,"Wild Rose Emmetsburg, Llc",1558
3692,Wilkie Liquors,1559
5102,Wilkie Liquors,1560
5073,"Williams Boulevard Service, Inc.",1561
4807,Williamsburg Foods,1562
5040,Wilton Express,1563
3762,Wine and Spirits Gallery,1564
3987,Wine and Spirits Shoppe Of,1565
3525,Wines and Spirits,1566
4276,Wj's Liquor,800
5249,W-Mart,1567
4877,World Liquor & Tobacco,1568
5237,World Liquor & Tobacco + Vape,1569
5471,World Liquor & Tobacco + Vapors,1570
4077,Xo Food And Liquor,1571
4066,Xpress Liquor,1572
5280,Yesway Store # 10011,939
5282,Yesway Store # 10019,826
5289,Yesway Store # 10020,833
5296,Yesway Store # 10021,1573
5295,Yesway Store # 10023,859
5287,Yesway Store # 10029,1574
4886,Yr Dollar Stop,1005
4908,Zapf's Pronto Market,1575
4874,Z's Quickbreak,1576
